,link,detail
0,https://www.linkedin.com/jobs/view/data-scientist-multiple-openings-at-starbucks-3379637534?refId=j2FB3SGzdNkiGWBtx0okrw%3D%3D&trackingId=UrcFPqW8YdRO2IEPmJg1Dg%3D%3D&position=1&pageNum=0&trk=public_jobs_jserp-result_search-card,"Starbucks hiring data scientist - multiple openings in Seattle, Washington, United States | LinkedIn"
1,https://www.linkedin.com/jobs/view/data-scientist-deep-learning-peacock-at-peacock-3390271556?refId=j2FB3SGzdNkiGWBtx0okrw%3D%3D&trackingId=JZxMPmrAe0%2FhQ7UP1JYyNw%3D%3D&position=2&pageNum=0&trk=public_jobs_jserp-result_search-card,"Peacock hiring Data Scientist (Deep Learning), Peacock in New York, New York, United States | LinkedIn"
2,https://www.linkedin.com/jobs/view/data-scientist-at-amicus-3390225272?refId=j2FB3SGzdNkiGWBtx0okrw%3D%3D&trackingId=4GMg86jIuimS5AGagynEHg%3D%3D&position=3&pageNum=0&trk=public_jobs_jserp-result_search-card,"Amicus hiring Data Scientist in New York, New York, United States | LinkedIn"
3,https://www.linkedin.com/jobs/view/data-scientist-nyc-at-carbonchain-3382422661?refId=j2FB3SGzdNkiGWBtx0okrw%3D%3D&trackingId=n6Jc7vQb%2FPaUBixGPGyu6Q%3D%3D&position=4&pageNum=0&trk=public_jobs_jserp-result_search-card,"CarbonChain hiring Data Scientist [NYC] in New York, New York, United States | LinkedIn"
4,https://www.linkedin.com/jobs/view/data-scientist-at-catalist-3388937849?refId=j2FB3SGzdNkiGWBtx0okrw%3D%3D&trackingId=Pwmxhk%2BX1YzGNSPu9gEWtA%3D%3D&position=5&pageNum=0&trk=public_jobs_jserp-result_search-card,"Catalist hiring Data Scientist in Washington, District of Columbia, United States | LinkedIn"
5,https://www.linkedin.com/jobs/view/junior-data-scientist-at-focuskpi-inc-3385020737?refId=j2FB3SGzdNkiGWBtx0okrw%3D%3D&trackingId=okGbMqnK8BrgqMpLSho6xw%3D%3D&position=6&pageNum=0&trk=public_jobs_jserp-result_search-card,"FocusKPI, Inc. hiring Junior Data Scientist in Boston, Massachusetts, United States | LinkedIn"
6,https://www.linkedin.com/jobs/view/data-scientist-full-time-at-bardess-group-ltd-3389875542?refId=j2FB3SGzdNkiGWBtx0okrw%3D%3D&trackingId=ZlmVwE%2BDuWXfiN7XaEErCg%3D%3D&position=7&pageNum=0&trk=public_jobs_jserp-result_search-card,"Bardess Group Ltd hiring Data Scientist Full Time in New York, New York, United States | LinkedIn"
7,https://www.linkedin.com/jobs/view/data-scientist-at-pomeroy-3384652177?refId=j2FB3SGzdNkiGWBtx0okrw%3D%3D&trackingId=AUXjdAt6e0W1RmRHfXZMGw%3D%3D&position=8&pageNum=0&trk=public_jobs_jserp-result_search-card,"Pomeroy hiring Data Scientist in Marietta, Georgia, United States | LinkedIn"
8,https://www.linkedin.com/jobs/view/data-scientist-at-bicp-3378146719?refId=j2FB3SGzdNkiGWBtx0okrw%3D%3D&trackingId=RHZhUUGB3uwFnKGXapgNYQ%3D%3D&position=9&pageNum=0&trk=public_jobs_jserp-result_search-card,"BICP hiring Data Scientist in Beaverton, Oregon, United States | LinkedIn"
9,https://www.linkedin.com/jobs/view/2023-university-graduate-data-scientist-at-uber-3379618648?refId=j2FB3SGzdNkiGWBtx0okrw%3D%3D&trackingId=IQsJnzpHcRoF%2FhYIrgSHDg%3D%3D&position=10&pageNum=0&trk=public_jobs_jserp-result_search-card,"Uber hiring 2023 University Graduate - Data Scientist in San Francisco, California, United States | LinkedIn"
10,https://www.linkedin.com/jobs/view/junior-data-scientist-at-clearml-3393620410?refId=j2FB3SGzdNkiGWBtx0okrw%3D%3D&trackingId=Kp1wQIqtlIgJtRdV6a1VqA%3D%3D&position=11&pageNum=0&trk=public_jobs_jserp-result_search-card,ClearML hiring Junior Data Scientist in United States | LinkedIn
11,https://www.linkedin.com/jobs/view/bio-data-scientist-at-x4-technology-3374644533?refId=j2FB3SGzdNkiGWBtx0okrw%3D%3D&trackingId=CqPRw6kDObQNKCCdKMli2Q%3D%3D&position=12&pageNum=0&trk=public_jobs_jserp-result_search-card,"X4 Technology hiring Bio Data Scientist in Boston, Massachusetts, United States | LinkedIn"
12,https://www.linkedin.com/jobs/view/data-scientist-global-decision-science-at-american-express-3380070410?refId=j2FB3SGzdNkiGWBtx0okrw%3D%3D&trackingId=snlXDmetdhIIboUYHAsqRA%3D%3D&position=13&pageNum=0&trk=public_jobs_jserp-result_search-card,"American Express hiring Data Scientist - Global Decision Science in New York, New York, United States | LinkedIn"
13,https://www.linkedin.com/jobs/view/data-scientist-at-cinemark-3382811471?refId=j2FB3SGzdNkiGWBtx0okrw%3D%3D&trackingId=%2BvfAfLwir3G5MV7ga7VbFQ%3D%3D&position=14&pageNum=0&trk=public_jobs_jserp-result_search-card,"Cinemark hiring Data Scientist in Plano, Texas, United States | LinkedIn"
14,https://www.linkedin.com/jobs/view/data-scientist-at-grammarly-3384155765?refId=j2FB3SGzdNkiGWBtx0okrw%3D%3D&trackingId=rDpwxxk1aoeRhGmgPk8EBQ%3D%3D&position=15&pageNum=0&trk=public_jobs_jserp-result_search-card,"Grammarly hiring Data Scientist in New York, United States | LinkedIn"
15,https://www.linkedin.com/jobs/view/data-scientist-at-lockheed-martin-3376703689?refId=j2FB3SGzdNkiGWBtx0okrw%3D%3D&trackingId=OSgFyfuihWcOI0ZBGHpbrw%3D%3D&position=16&pageNum=0&trk=public_jobs_jserp-result_search-card,"Lockheed Martin hiring Data Scientist in New Mexico, United States | LinkedIn"
16,https://www.linkedin.com/jobs/view/data-scientist-at-uber-3380128037?refId=j2FB3SGzdNkiGWBtx0okrw%3D%3D&trackingId=jXWYQ%2FJj%2BsHtvk%2FAAWV4dA%3D%3D&position=17&pageNum=0&trk=public_jobs_jserp-result_search-card,"Uber hiring Data Scientist in San Francisco, California, United States | LinkedIn"
17,https://www.linkedin.com/jobs/view/data-scientist-at-atrium-3390226105?refId=j2FB3SGzdNkiGWBtx0okrw%3D%3D&trackingId=RrMNr9DhZshyyTnEawAPnw%3D%3D&position=18&pageNum=0&trk=public_jobs_jserp-result_search-card,Atrium hiring Data Scientist in United States | LinkedIn
18,https://www.linkedin.com/jobs/view/data-scientist-at-uber-3380716832?refId=j2FB3SGzdNkiGWBtx0okrw%3D%3D&trackingId=HQym8ozOJ5ecC7O98%2FPGdA%3D%3D&position=19&pageNum=0&trk=public_jobs_jserp-result_search-card,"Uber hiring Data Scientist in Sunnyvale, California, United States | LinkedIn"
19,https://www.linkedin.com/jobs/view/data-scientist-at-grammarly-3384157495?refId=j2FB3SGzdNkiGWBtx0okrw%3D%3D&trackingId=lWC2aJe2hBVMuU5eF3Vsxw%3D%3D&position=20&pageNum=0&trk=public_jobs_jserp-result_search-card,"Grammarly hiring Data Scientist in New Jersey, United States | LinkedIn"
20,https://www.linkedin.com/jobs/view/data-scientist-engineer-at-life-science-people-3366302011?refId=j2FB3SGzdNkiGWBtx0okrw%3D%3D&trackingId=ZEFgH5wNhd%2Bz%2FsFMif%2Feug%3D%3D&position=21&pageNum=0&trk=public_jobs_jserp-result_search-card,Life Science People hiring Data Scientist/ Engineer in United States | LinkedIn
21,https://www.linkedin.com/jobs/view/data-scientist-at-hackajob-3389814866?refId=j2FB3SGzdNkiGWBtx0okrw%3D%3D&trackingId=zjgeoaSQklkNeE5vNdx92w%3D%3D&position=22&pageNum=0&trk=public_jobs_jserp-result_search-card,hackajob hiring Data Scientist in New York City Metropolitan Area | LinkedIn
22,https://www.linkedin.com/jobs/view/data-scientist-at-brillio-3374529660?refId=j2FB3SGzdNkiGWBtx0okrw%3D%3D&trackingId=k3ry%2FipI6Dwjha1k%2B4MIwQ%3D%3D&position=23&pageNum=0&trk=public_jobs_jserp-result_search-card,"Brillio hiring Data Scientist in Tampa, Florida, United States | LinkedIn"
23,https://www.linkedin.com/jobs/view/data-scientist-remote-no-c2c-at-novus-professional-services-inc-3383349376?refId=j2FB3SGzdNkiGWBtx0okrw%3D%3D&trackingId=vwXrgJdptb%2FDXTDYEgoDHg%3D%3D&position=24&pageNum=0&trk=public_jobs_jserp-result_search-card,"NOVUS Professional Services, Inc. hiring Data Scientist - Remote (No C2C) in Greenwood Village, Colorado, United States | LinkedIn"
24,https://www.linkedin.com/jobs/view/data-scientist-public-sector-at-clarifai-3382852290?refId=j2FB3SGzdNkiGWBtx0okrw%3D%3D&trackingId=BxNDdV7AMG%2Fe7C2jZPDXkA%3D%3D&position=25&pageNum=0&trk=public_jobs_jserp-result_search-card,"Clarifai hiring Data Scientist - Public Sector in Washington, District of Columbia, United States | LinkedIn"
25,https://www.linkedin.com/jobs/view/data-scientist-multiple-openings-at-starbucks-3379637534?refId=%2FzAjpkmBT%2BTkQfyZui6leg%3D%3D&trackingId=xh8%2FYxFKMf%2FsSHTz95IjUg%3D%3D&position=1&pageNum=0&trk=public_jobs_jserp-result_search-card,"Starbucks hiring data scientist - multiple openings in Seattle, Washington, United States | LinkedIn"
26,https://www.linkedin.com/jobs/view/data-scientist-deep-learning-peacock-at-peacock-3390271556?refId=%2FzAjpkmBT%2BTkQfyZui6leg%3D%3D&trackingId=Ht79GHLTOa4pQb5jVjGu7w%3D%3D&position=2&pageNum=0&trk=public_jobs_jserp-result_search-card,"Peacock hiring Data Scientist (Deep Learning), Peacock in New York, New York, United States | LinkedIn"
27,https://www.linkedin.com/jobs/view/data-scientist-at-amicus-3390225272?refId=%2FzAjpkmBT%2BTkQfyZui6leg%3D%3D&trackingId=BgFk%2Fu%2F%2BQsn%2FtZhAuw52eg%3D%3D&position=3&pageNum=0&trk=public_jobs_jserp-result_search-card,"Amicus hiring Data Scientist in New York, New York, United States | LinkedIn"
28,https://www.linkedin.com/jobs/view/data-scientist-nyc-at-carbonchain-3382422661?refId=%2FzAjpkmBT%2BTkQfyZui6leg%3D%3D&trackingId=qldTRbCzhiI6Fa%2F2XKo9hQ%3D%3D&position=4&pageNum=0&trk=public_jobs_jserp-result_search-card,"CarbonChain hiring Data Scientist [NYC] in New York, New York, United States | LinkedIn"
29,https://www.linkedin.com/jobs/view/data-scientist-at-catalist-3388937849?refId=%2FzAjpkmBT%2BTkQfyZui6leg%3D%3D&trackingId=K5%2FzAn8uN9FsK8D5d9F9fQ%3D%3D&position=5&pageNum=0&trk=public_jobs_jserp-result_search-card,"Catalist hiring Data Scientist in Washington, District of Columbia, United States | LinkedIn"
30,https://www.linkedin.com/jobs/view/junior-data-scientist-at-focuskpi-inc-3385020737?refId=%2FzAjpkmBT%2BTkQfyZui6leg%3D%3D&trackingId=QkLs%2BFN5YyNlDvabs9Bx5g%3D%3D&position=6&pageNum=0&trk=public_jobs_jserp-result_search-card,"FocusKPI, Inc. hiring Junior Data Scientist in Boston, Massachusetts, United States | LinkedIn"
31,https://www.linkedin.com/jobs/view/data-scientist-full-time-at-bardess-group-ltd-3389875542?refId=%2FzAjpkmBT%2BTkQfyZui6leg%3D%3D&trackingId=V4zz7%2BK%2FX1JG%2FwlafDHR8w%3D%3D&position=7&pageNum=0&trk=public_jobs_jserp-result_search-card,"Bardess Group Ltd hiring Data Scientist Full Time in New York, New York, United States | LinkedIn"
32,https://www.linkedin.com/jobs/view/data-scientist-at-pomeroy-3384652177?refId=%2FzAjpkmBT%2BTkQfyZui6leg%3D%3D&trackingId=oAjT86HYcdxEBat6%2BXlrBg%3D%3D&position=8&pageNum=0&trk=public_jobs_jserp-result_search-card,"Pomeroy hiring Data Scientist in Marietta, Georgia, United States | LinkedIn"
33,https://www.linkedin.com/jobs/view/data-scientist-at-bicp-3378146719?refId=%2FzAjpkmBT%2BTkQfyZui6leg%3D%3D&trackingId=IOY5xSj%2Bu2Ek5C%2FieH3smA%3D%3D&position=9&pageNum=0&trk=public_jobs_jserp-result_search-card,"BICP hiring Data Scientist in Beaverton, Oregon, United States | LinkedIn"
34,https://www.linkedin.com/jobs/view/2023-university-graduate-data-scientist-at-uber-3379618648?refId=%2FzAjpkmBT%2BTkQfyZui6leg%3D%3D&trackingId=OrNE1ahGXYPevqCF668R5Q%3D%3D&position=10&pageNum=0&trk=public_jobs_jserp-result_search-card,"Uber hiring 2023 University Graduate - Data Scientist in San Francisco, California, United States | LinkedIn"
35,https://www.linkedin.com/jobs/view/junior-data-scientist-at-clearml-3393620410?refId=%2FzAjpkmBT%2BTkQfyZui6leg%3D%3D&trackingId=sU8AQGTwALBGrAsU4IX%2Bng%3D%3D&position=11&pageNum=0&trk=public_jobs_jserp-result_search-card,ClearML hiring Junior Data Scientist in United States | LinkedIn
36,https://www.linkedin.com/jobs/view/bio-data-scientist-at-x4-technology-3374644533?refId=%2FzAjpkmBT%2BTkQfyZui6leg%3D%3D&trackingId=78dU3zq%2B%2Fa7%2Bb%2FiNY9lXkw%3D%3D&position=12&pageNum=0&trk=public_jobs_jserp-result_search-card,"X4 Technology hiring Bio Data Scientist in Boston, Massachusetts, United States | LinkedIn"
37,https://www.linkedin.com/jobs/view/data-scientist-global-decision-science-at-american-express-3380070410?refId=%2FzAjpkmBT%2BTkQfyZui6leg%3D%3D&trackingId=qFgrMD%2BvL4usNU%2FPxaq2Yg%3D%3D&position=13&pageNum=0&trk=public_jobs_jserp-result_search-card,"American Express hiring Data Scientist - Global Decision Science in New York, New York, United States | LinkedIn"
38,https://www.linkedin.com/jobs/view/data-scientist-at-cinemark-3382811471?refId=%2FzAjpkmBT%2BTkQfyZui6leg%3D%3D&trackingId=OuZew56s7fbOal3Fi5oKaw%3D%3D&position=14&pageNum=0&trk=public_jobs_jserp-result_search-card,"Cinemark hiring Data Scientist in Plano, Texas, United States | LinkedIn"
39,https://www.linkedin.com/jobs/view/data-scientist-at-grammarly-3384155765?refId=%2FzAjpkmBT%2BTkQfyZui6leg%3D%3D&trackingId=ZZhbqimKfNlU3olG6%2FE8Pw%3D%3D&position=15&pageNum=0&trk=public_jobs_jserp-result_search-card,"Grammarly hiring Data Scientist in New York, United States | LinkedIn"
40,https://www.linkedin.com/jobs/view/data-scientist-at-lockheed-martin-3376703689?refId=%2FzAjpkmBT%2BTkQfyZui6leg%3D%3D&trackingId=PS5tSEUUORnHvrk3zpM8VA%3D%3D&position=16&pageNum=0&trk=public_jobs_jserp-result_search-card,"Lockheed Martin hiring Data Scientist in New Mexico, United States | LinkedIn"
41,https://www.linkedin.com/jobs/view/data-scientist-at-uber-3380128037?refId=%2FzAjpkmBT%2BTkQfyZui6leg%3D%3D&trackingId=0a%2BC74rPRADWQ9SyDB%2BTcw%3D%3D&position=17&pageNum=0&trk=public_jobs_jserp-result_search-card,"Uber hiring Data Scientist in San Francisco, California, United States | LinkedIn"
42,https://www.linkedin.com/jobs/view/data-scientist-at-atrium-3390226105?refId=%2FzAjpkmBT%2BTkQfyZui6leg%3D%3D&trackingId=ybl0DCilqUj9QW4Zf3mDhw%3D%3D&position=18&pageNum=0&trk=public_jobs_jserp-result_search-card,Atrium hiring Data Scientist in United States | LinkedIn
43,https://www.linkedin.com/jobs/view/data-scientist-at-uber-3380716832?refId=%2FzAjpkmBT%2BTkQfyZui6leg%3D%3D&trackingId=a3%2FIjkM8%2Bk8FIJBUJkduQg%3D%3D&position=19&pageNum=0&trk=public_jobs_jserp-result_search-card,"Uber hiring Data Scientist in Sunnyvale, California, United States | LinkedIn"
44,https://www.linkedin.com/jobs/view/data-scientist-at-grammarly-3384157495?refId=%2FzAjpkmBT%2BTkQfyZui6leg%3D%3D&trackingId=%2B1L2o407hcDGdoV4GkG01w%3D%3D&position=20&pageNum=0&trk=public_jobs_jserp-result_search-card,"Grammarly hiring Data Scientist in New Jersey, United States | LinkedIn"
45,https://www.linkedin.com/jobs/view/data-scientist-engineer-at-life-science-people-3366302011?refId=%2FzAjpkmBT%2BTkQfyZui6leg%3D%3D&trackingId=V2bRaZtfWmvKEfKbCrJ0GA%3D%3D&position=21&pageNum=0&trk=public_jobs_jserp-result_search-card,Life Science People hiring Data Scientist/ Engineer in United States | LinkedIn
46,https://www.linkedin.com/jobs/view/data-scientist-at-hackajob-3389814866?refId=%2FzAjpkmBT%2BTkQfyZui6leg%3D%3D&trackingId=7L0JaTS87tatH2ailnEMfA%3D%3D&position=22&pageNum=0&trk=public_jobs_jserp-result_search-card,hackajob hiring Data Scientist in New York City Metropolitan Area | LinkedIn
47,https://www.linkedin.com/jobs/view/data-scientist-at-brillio-3374529660?refId=%2FzAjpkmBT%2BTkQfyZui6leg%3D%3D&trackingId=7ULtEGsBZ8JWSyy23vN5pA%3D%3D&position=23&pageNum=0&trk=public_jobs_jserp-result_search-card,"Brillio hiring Data Scientist in Tampa, Florida, United States | LinkedIn"
48,https://www.linkedin.com/jobs/view/data-scientist-remote-no-c2c-at-novus-professional-services-inc-3383349376?refId=%2FzAjpkmBT%2BTkQfyZui6leg%3D%3D&trackingId=vxu%2FNbd24gD6mq9DEsyIYg%3D%3D&position=24&pageNum=0&trk=public_jobs_jserp-result_search-card,"NOVUS Professional Services, Inc. hiring Data Scientist - Remote (No C2C) in Greenwood Village, Colorado, United States | LinkedIn"
49,https://www.linkedin.com/jobs/view/data-scientist-public-sector-at-clarifai-3382852290?refId=%2FzAjpkmBT%2BTkQfyZui6leg%3D%3D&trackingId=cdDAw4M61%2BiervrAyom2Fg%3D%3D&position=25&pageNum=0&trk=public_jobs_jserp-result_search-card,"Clarifai hiring Data Scientist - Public Sector in Washington, District of Columbia, United States | LinkedIn"
50,https://www.linkedin.com/jobs/view/data-scientist-multiple-openings-at-starbucks-3379637534?refId=AUi%2FxQKdHOith6pSdx77KA%3D%3D&trackingId=QeOTkCNj15wnutV1gzorDw%3D%3D&position=1&pageNum=0&trk=public_jobs_jserp-result_search-card,"Starbucks hiring data scientist - multiple openings in Seattle, Washington, United States | LinkedIn"
51,https://www.linkedin.com/jobs/view/data-scientist-deep-learning-peacock-at-peacock-3390271556?refId=AUi%2FxQKdHOith6pSdx77KA%3D%3D&trackingId=WUAcCMSHcmynCsdmLKPCvg%3D%3D&position=2&pageNum=0&trk=public_jobs_jserp-result_search-card,"Peacock hiring Data Scientist (Deep Learning), Peacock in New York, New York, United States | LinkedIn"
52,https://www.linkedin.com/jobs/view/data-scientist-at-amicus-3390225272?refId=AUi%2FxQKdHOith6pSdx77KA%3D%3D&trackingId=Fnc0d3Yl0gMdPSwjgwBalg%3D%3D&position=3&pageNum=0&trk=public_jobs_jserp-result_search-card,"Amicus hiring Data Scientist in New York, New York, United States | LinkedIn"
53,https://www.linkedin.com/jobs/view/data-scientist-nyc-at-carbonchain-3382422661?refId=AUi%2FxQKdHOith6pSdx77KA%3D%3D&trackingId=UQQ9F%2BxypfnEmw7Rq0NWKQ%3D%3D&position=4&pageNum=0&trk=public_jobs_jserp-result_search-card,"CarbonChain hiring Data Scientist [NYC] in New York, New York, United States | LinkedIn"
54,https://www.linkedin.com/jobs/view/data-scientist-at-catalist-3388937849?refId=AUi%2FxQKdHOith6pSdx77KA%3D%3D&trackingId=oYIQAbzFmnBbkLiFCaFkiw%3D%3D&position=5&pageNum=0&trk=public_jobs_jserp-result_search-card,"Catalist hiring Data Scientist in Washington, District of Columbia, United States | LinkedIn"
55,https://www.linkedin.com/jobs/view/junior-data-scientist-at-focuskpi-inc-3385020737?refId=AUi%2FxQKdHOith6pSdx77KA%3D%3D&trackingId=l7zyc9FUGee4IhvbtYY%2BPA%3D%3D&position=6&pageNum=0&trk=public_jobs_jserp-result_search-card,"FocusKPI, Inc. hiring Junior Data Scientist in Boston, Massachusetts, United States | LinkedIn"
56,https://www.linkedin.com/jobs/view/data-scientist-full-time-at-bardess-group-ltd-3389875542?refId=AUi%2FxQKdHOith6pSdx77KA%3D%3D&trackingId=9dCUNzUACMA8XlQ1VkywXw%3D%3D&position=7&pageNum=0&trk=public_jobs_jserp-result_search-card,"Bardess Group Ltd hiring Data Scientist Full Time in New York, New York, United States | LinkedIn"
57,https://www.linkedin.com/jobs/view/data-scientist-at-pomeroy-3384652177?refId=AUi%2FxQKdHOith6pSdx77KA%3D%3D&trackingId=mRDL2MMB3UBPq2LcLfUEfA%3D%3D&position=8&pageNum=0&trk=public_jobs_jserp-result_search-card,"Pomeroy hiring Data Scientist in Marietta, Georgia, United States | LinkedIn"
58,https://www.linkedin.com/jobs/view/data-scientist-at-bicp-3378146719?refId=AUi%2FxQKdHOith6pSdx77KA%3D%3D&trackingId=dF7KbRtvySOsnLj5OHdbXg%3D%3D&position=9&pageNum=0&trk=public_jobs_jserp-result_search-card,"BICP hiring Data Scientist in Beaverton, Oregon, United States | LinkedIn"
59,https://www.linkedin.com/jobs/view/2023-university-graduate-data-scientist-at-uber-3379618648?refId=AUi%2FxQKdHOith6pSdx77KA%3D%3D&trackingId=%2Fd2%2BSCFY6mNpWZtqflxUww%3D%3D&position=10&pageNum=0&trk=public_jobs_jserp-result_search-card,"Uber hiring 2023 University Graduate - Data Scientist in San Francisco, California, United States | LinkedIn"
60,https://www.linkedin.com/jobs/view/junior-data-scientist-at-clearml-3393620410?refId=AUi%2FxQKdHOith6pSdx77KA%3D%3D&trackingId=WAhMT3bG3nZkjx44UumpTQ%3D%3D&position=11&pageNum=0&trk=public_jobs_jserp-result_search-card,ClearML hiring Junior Data Scientist in United States | LinkedIn
61,https://www.linkedin.com/jobs/view/bio-data-scientist-at-x4-technology-3374644533?refId=AUi%2FxQKdHOith6pSdx77KA%3D%3D&trackingId=DV707XG6pQbtQ%2BWeeOYyNg%3D%3D&position=12&pageNum=0&trk=public_jobs_jserp-result_search-card,"X4 Technology hiring Bio Data Scientist in Boston, Massachusetts, United States | LinkedIn"
62,https://www.linkedin.com/jobs/view/data-scientist-global-decision-science-at-american-express-3380070410?refId=AUi%2FxQKdHOith6pSdx77KA%3D%3D&trackingId=K7YbQP4zTFDfRVlPnbzqCQ%3D%3D&position=13&pageNum=0&trk=public_jobs_jserp-result_search-card,"American Express hiring Data Scientist - Global Decision Science in New York, New York, United States | LinkedIn"
63,https://www.linkedin.com/jobs/view/data-scientist-at-cinemark-3382811471?refId=AUi%2FxQKdHOith6pSdx77KA%3D%3D&trackingId=7VWhzcPU0oO4CoEtj2%2F4lQ%3D%3D&position=14&pageNum=0&trk=public_jobs_jserp-result_search-card,"Cinemark hiring Data Scientist in Plano, Texas, United States | LinkedIn"
64,https://www.linkedin.com/jobs/view/data-scientist-at-grammarly-3384155765?refId=AUi%2FxQKdHOith6pSdx77KA%3D%3D&trackingId=%2FfmUSZ4ACuIa7m4ooY%2Be1A%3D%3D&position=15&pageNum=0&trk=public_jobs_jserp-result_search-card,"Grammarly hiring Data Scientist in New York, United States | LinkedIn"
65,https://www.linkedin.com/jobs/view/data-scientist-at-lockheed-martin-3376703689?refId=AUi%2FxQKdHOith6pSdx77KA%3D%3D&trackingId=vy7F%2FXSE2%2BcSSLrW8jb%2Ftw%3D%3D&position=16&pageNum=0&trk=public_jobs_jserp-result_search-card,"Lockheed Martin hiring Data Scientist in New Mexico, United States | LinkedIn"
66,https://www.linkedin.com/jobs/view/data-scientist-at-uber-3380128037?refId=AUi%2FxQKdHOith6pSdx77KA%3D%3D&trackingId=KusxLQo2UtAZf8oclOcPNQ%3D%3D&position=17&pageNum=0&trk=public_jobs_jserp-result_search-card,"Uber hiring Data Scientist in San Francisco, California, United States | LinkedIn"
67,https://www.linkedin.com/jobs/view/data-scientist-at-atrium-3390226105?refId=AUi%2FxQKdHOith6pSdx77KA%3D%3D&trackingId=w9lnu9cHdaeP4nF%2BQACi4A%3D%3D&position=18&pageNum=0&trk=public_jobs_jserp-result_search-card,Atrium hiring Data Scientist in United States | LinkedIn
68,https://www.linkedin.com/jobs/view/data-scientist-at-uber-3380716832?refId=AUi%2FxQKdHOith6pSdx77KA%3D%3D&trackingId=EWs9rIlbo4sA%2F2ahOkpKYQ%3D%3D&position=19&pageNum=0&trk=public_jobs_jserp-result_search-card,"Uber hiring Data Scientist in Sunnyvale, California, United States | LinkedIn"
69,https://www.linkedin.com/jobs/view/data-scientist-at-grammarly-3384157495?refId=AUi%2FxQKdHOith6pSdx77KA%3D%3D&trackingId=Opu3SaAfsGLs8bk0lrpw9w%3D%3D&position=20&pageNum=0&trk=public_jobs_jserp-result_search-card,"Grammarly hiring Data Scientist in New Jersey, United States | LinkedIn"
70,https://www.linkedin.com/jobs/view/data-scientist-engineer-at-life-science-people-3366302011?refId=AUi%2FxQKdHOith6pSdx77KA%3D%3D&trackingId=a8H9imK90wd5%2FXpEvOUXrw%3D%3D&position=21&pageNum=0&trk=public_jobs_jserp-result_search-card,Life Science People hiring Data Scientist/ Engineer in United States | LinkedIn
71,https://www.linkedin.com/jobs/view/data-scientist-at-hackajob-3389814866?refId=AUi%2FxQKdHOith6pSdx77KA%3D%3D&trackingId=YnAFI8nHqQ3zRE7u3jFkfA%3D%3D&position=22&pageNum=0&trk=public_jobs_jserp-result_search-card,hackajob hiring Data Scientist in New York City Metropolitan Area | LinkedIn
72,https://www.linkedin.com/jobs/view/data-scientist-at-brillio-3374529660?refId=AUi%2FxQKdHOith6pSdx77KA%3D%3D&trackingId=%2BKm%2FKudWzXZuBCi26Wb%2BoQ%3D%3D&position=23&pageNum=0&trk=public_jobs_jserp-result_search-card,"Brillio hiring Data Scientist in Tampa, Florida, United States | LinkedIn"
73,https://www.linkedin.com/jobs/view/data-scientist-remote-no-c2c-at-novus-professional-services-inc-3383349376?refId=AUi%2FxQKdHOith6pSdx77KA%3D%3D&trackingId=3QK7OhaOS%2Fq8hgP74PDEvQ%3D%3D&position=24&pageNum=0&trk=public_jobs_jserp-result_search-card,"NOVUS Professional Services, Inc. hiring Data Scientist - Remote (No C2C) in Greenwood Village, Colorado, United States | LinkedIn"
74,https://www.linkedin.com/jobs/view/data-scientist-public-sector-at-clarifai-3382852290?refId=AUi%2FxQKdHOith6pSdx77KA%3D%3D&trackingId=rUNpXxzB54PFDcnoNfUUtQ%3D%3D&position=25&pageNum=0&trk=public_jobs_jserp-result_search-card,"Clarifai hiring Data Scientist - Public Sector in Washington, District of Columbia, United States | LinkedIn"
75,https://www.linkedin.com/jobs/view/data-scientist-multiple-openings-at-starbucks-3379637534?refId=nEt171LxMbZLYy6fBK3%2Fdw%3D%3D&trackingId=h5mALiC5qR930n%2BgkorbYQ%3D%3D&position=1&pageNum=0&trk=public_jobs_jserp-result_search-card,"Starbucks hiring data scientist - multiple openings in Seattle, Washington, United States | LinkedIn"
76,https://www.linkedin.com/jobs/view/data-scientist-deep-learning-peacock-at-peacock-3390271556?refId=nEt171LxMbZLYy6fBK3%2Fdw%3D%3D&trackingId=Aw94m2MfyxCSC4jTxQpOAw%3D%3D&position=2&pageNum=0&trk=public_jobs_jserp-result_search-card,"Peacock hiring Data Scientist (Deep Learning), Peacock in New York, New York, United States | LinkedIn"
77,https://www.linkedin.com/jobs/view/data-scientist-at-amicus-3390225272?refId=nEt171LxMbZLYy6fBK3%2Fdw%3D%3D&trackingId=xlDWGmJb%2BEj6jmXx8GTt2g%3D%3D&position=3&pageNum=0&trk=public_jobs_jserp-result_search-card,"Amicus hiring Data Scientist in New York, New York, United States | LinkedIn"
78,https://www.linkedin.com/jobs/view/data-scientist-nyc-at-carbonchain-3382422661?refId=nEt171LxMbZLYy6fBK3%2Fdw%3D%3D&trackingId=fhhrzS9TLQAsBn8gp0PLxA%3D%3D&position=4&pageNum=0&trk=public_jobs_jserp-result_search-card,"CarbonChain hiring Data Scientist [NYC] in New York, New York, United States | LinkedIn"
79,https://www.linkedin.com/jobs/view/data-scientist-at-catalist-3388937849?refId=nEt171LxMbZLYy6fBK3%2Fdw%3D%3D&trackingId=pNorv0gMx8c91OCECdGc5A%3D%3D&position=5&pageNum=0&trk=public_jobs_jserp-result_search-card,"Catalist hiring Data Scientist in Washington, District of Columbia, United States | LinkedIn"
80,https://www.linkedin.com/jobs/view/junior-data-scientist-at-focuskpi-inc-3385020737?refId=nEt171LxMbZLYy6fBK3%2Fdw%3D%3D&trackingId=PcbIYPVf0A2iq4E3a30dJw%3D%3D&position=6&pageNum=0&trk=public_jobs_jserp-result_search-card,"FocusKPI, Inc. hiring Junior Data Scientist in Boston, Massachusetts, United States | LinkedIn"
81,https://www.linkedin.com/jobs/view/data-scientist-full-time-at-bardess-group-ltd-3389875542?refId=nEt171LxMbZLYy6fBK3%2Fdw%3D%3D&trackingId=2%2BQlpoWJVyLO4CPX%2FYAlvg%3D%3D&position=7&pageNum=0&trk=public_jobs_jserp-result_search-card,"Bardess Group Ltd hiring Data Scientist Full Time in New York, New York, United States | LinkedIn"
82,https://www.linkedin.com/jobs/view/data-scientist-at-pomeroy-3384652177?refId=nEt171LxMbZLYy6fBK3%2Fdw%3D%3D&trackingId=iRGBAIyBFFs7ErZjZJZrwg%3D%3D&position=8&pageNum=0&trk=public_jobs_jserp-result_search-card,"Pomeroy hiring Data Scientist in Marietta, Georgia, United States | LinkedIn"
83,https://www.linkedin.com/jobs/view/data-scientist-at-bicp-3378146719?refId=nEt171LxMbZLYy6fBK3%2Fdw%3D%3D&trackingId=Wx3R6%2BNudOEHNFzngv0PDw%3D%3D&position=9&pageNum=0&trk=public_jobs_jserp-result_search-card,"BICP hiring Data Scientist in Beaverton, Oregon, United States | LinkedIn"
84,https://www.linkedin.com/jobs/view/2023-university-graduate-data-scientist-at-uber-3379618648?refId=nEt171LxMbZLYy6fBK3%2Fdw%3D%3D&trackingId=%2BTLhtSZyr8%2BoOzRt%2FAUerw%3D%3D&position=10&pageNum=0&trk=public_jobs_jserp-result_search-card,"Uber hiring 2023 University Graduate - Data Scientist in San Francisco, California, United States | LinkedIn"
85,https://www.linkedin.com/jobs/view/junior-data-scientist-at-clearml-3393620410?refId=nEt171LxMbZLYy6fBK3%2Fdw%3D%3D&trackingId=s3EAjZrD2aDcZ8%2FG3uo59A%3D%3D&position=11&pageNum=0&trk=public_jobs_jserp-result_search-card,ClearML hiring Junior Data Scientist in United States | LinkedIn
86,https://www.linkedin.com/jobs/view/bio-data-scientist-at-x4-technology-3374644533?refId=nEt171LxMbZLYy6fBK3%2Fdw%3D%3D&trackingId=hIpKdVOMAb%2Bg89fhoqhJcQ%3D%3D&position=12&pageNum=0&trk=public_jobs_jserp-result_search-card,"X4 Technology hiring Bio Data Scientist in Boston, Massachusetts, United States | LinkedIn"
87,https://www.linkedin.com/jobs/view/data-scientist-global-decision-science-at-american-express-3380070410?refId=nEt171LxMbZLYy6fBK3%2Fdw%3D%3D&trackingId=UpaPuIT0v1QeC15cHPmWIQ%3D%3D&position=13&pageNum=0&trk=public_jobs_jserp-result_search-card,"American Express hiring Data Scientist - Global Decision Science in New York, New York, United States | LinkedIn"
88,https://www.linkedin.com/jobs/view/data-scientist-at-cinemark-3382811471?refId=nEt171LxMbZLYy6fBK3%2Fdw%3D%3D&trackingId=hv8Mn01zz4fPTjKXlF6z6Q%3D%3D&position=14&pageNum=0&trk=public_jobs_jserp-result_search-card,"Cinemark hiring Data Scientist in Plano, Texas, United States | LinkedIn"
89,https://www.linkedin.com/jobs/view/data-scientist-at-grammarly-3384155765?refId=nEt171LxMbZLYy6fBK3%2Fdw%3D%3D&trackingId=c8q4Ub%2B2IVMPhSJqoPYlSA%3D%3D&position=15&pageNum=0&trk=public_jobs_jserp-result_search-card,"Grammarly hiring Data Scientist in New York, United States | LinkedIn"
90,https://www.linkedin.com/jobs/view/data-scientist-at-lockheed-martin-3376703689?refId=nEt171LxMbZLYy6fBK3%2Fdw%3D%3D&trackingId=ygaLCWx%2F19T%2BItIoXnk7%2FA%3D%3D&position=16&pageNum=0&trk=public_jobs_jserp-result_search-card,"Lockheed Martin hiring Data Scientist in New Mexico, United States | LinkedIn"
91,https://www.linkedin.com/jobs/view/data-scientist-at-uber-3380128037?refId=nEt171LxMbZLYy6fBK3%2Fdw%3D%3D&trackingId=Dwu9n4w0UO8NxBUygDpQfQ%3D%3D&position=17&pageNum=0&trk=public_jobs_jserp-result_search-card,"Uber hiring Data Scientist in San Francisco, California, United States | LinkedIn"
92,https://www.linkedin.com/jobs/view/data-scientist-at-atrium-3390226105?refId=nEt171LxMbZLYy6fBK3%2Fdw%3D%3D&trackingId=LEE%2BsfF3nFHdjvMf5cniBw%3D%3D&position=18&pageNum=0&trk=public_jobs_jserp-result_search-card,Atrium hiring Data Scientist in United States | LinkedIn
93,https://www.linkedin.com/jobs/view/data-scientist-at-uber-3380716832?refId=nEt171LxMbZLYy6fBK3%2Fdw%3D%3D&trackingId=c%2FaeaDFXTAmsJYO0VrojZQ%3D%3D&position=19&pageNum=0&trk=public_jobs_jserp-result_search-card,"Uber hiring Data Scientist in Sunnyvale, California, United States | LinkedIn"
94,https://www.linkedin.com/jobs/view/data-scientist-at-grammarly-3384157495?refId=nEt171LxMbZLYy6fBK3%2Fdw%3D%3D&trackingId=X%2BZ2KaitgTNAWe0EEVNACg%3D%3D&position=20&pageNum=0&trk=public_jobs_jserp-result_search-card,"Grammarly hiring Data Scientist in New Jersey, United States | LinkedIn"
95,https://www.linkedin.com/jobs/view/data-scientist-engineer-at-life-science-people-3366302011?refId=nEt171LxMbZLYy6fBK3%2Fdw%3D%3D&trackingId=c9e%2BJfALYtFtA2fkfBygUg%3D%3D&position=21&pageNum=0&trk=public_jobs_jserp-result_search-card,Life Science People hiring Data Scientist/ Engineer in United States | LinkedIn
96,https://www.linkedin.com/jobs/view/data-scientist-at-hackajob-3389814866?refId=nEt171LxMbZLYy6fBK3%2Fdw%3D%3D&trackingId=EfoWjgeCtmb4dNIDDMf7rw%3D%3D&position=22&pageNum=0&trk=public_jobs_jserp-result_search-card,hackajob hiring Data Scientist in New York City Metropolitan Area | LinkedIn
97,https://www.linkedin.com/jobs/view/data-scientist-at-brillio-3374529660?refId=nEt171LxMbZLYy6fBK3%2Fdw%3D%3D&trackingId=GJDGg4PeaorPuN1oO5e5Hg%3D%3D&position=23&pageNum=0&trk=public_jobs_jserp-result_search-card,"Brillio hiring Data Scientist in Tampa, Florida, United States | LinkedIn"
98,https://www.linkedin.com/jobs/view/data-scientist-remote-no-c2c-at-novus-professional-services-inc-3383349376?refId=nEt171LxMbZLYy6fBK3%2Fdw%3D%3D&trackingId=lHxR64hoPCIMwPL%2FHOtAGg%3D%3D&position=24&pageNum=0&trk=public_jobs_jserp-result_search-card,"NOVUS Professional Services, Inc. hiring Data Scientist - Remote (No C2C) in Greenwood Village, Colorado, United States | LinkedIn"
99,https://www.linkedin.com/jobs/view/data-scientist-public-sector-at-clarifai-3382852290?refId=nEt171LxMbZLYy6fBK3%2Fdw%3D%3D&trackingId=HrdNTl4bCNFuXVmm9oNRoA%3D%3D&position=25&pageNum=0&trk=public_jobs_jserp-result_search-card,"Clarifai hiring Data Scientist - Public Sector in Washington, District of Columbia, United States | LinkedIn"
100,https://www.linkedin.com/jobs/view/data-scientist-multiple-openings-at-starbucks-3379637534?refId=lENCRJiYfmhbA%2FOAVbr%2Fsw%3D%3D&trackingId=A0Bz0uY6vDVJClsL3ECrBw%3D%3D&position=1&pageNum=0&trk=public_jobs_jserp-result_search-card,"Starbucks hiring data scientist - multiple openings in Seattle, Washington, United States | LinkedIn"
101,https://www.linkedin.com/jobs/view/data-scientist-deep-learning-peacock-at-peacock-3390271556?refId=lENCRJiYfmhbA%2FOAVbr%2Fsw%3D%3D&trackingId=sFU3vt7TIQUd6gSXWM9x6w%3D%3D&position=2&pageNum=0&trk=public_jobs_jserp-result_search-card,"Peacock hiring Data Scientist (Deep Learning), Peacock in New York, New York, United States | LinkedIn"
102,https://www.linkedin.com/jobs/view/data-scientist-at-amicus-3390225272?refId=lENCRJiYfmhbA%2FOAVbr%2Fsw%3D%3D&trackingId=u%2BWzMSTCRFHgyhjqRxQNxQ%3D%3D&position=3&pageNum=0&trk=public_jobs_jserp-result_search-card,"Amicus hiring Data Scientist in New York, New York, United States | LinkedIn"
103,https://www.linkedin.com/jobs/view/data-scientist-nyc-at-carbonchain-3382422661?refId=lENCRJiYfmhbA%2FOAVbr%2Fsw%3D%3D&trackingId=qmy2YsZiokiJNzMKuS4Tag%3D%3D&position=4&pageNum=0&trk=public_jobs_jserp-result_search-card,"CarbonChain hiring Data Scientist [NYC] in New York, New York, United States | LinkedIn"
104,https://www.linkedin.com/jobs/view/data-scientist-at-catalist-3388937849?refId=lENCRJiYfmhbA%2FOAVbr%2Fsw%3D%3D&trackingId=PsTIbDOytstSSQY85NDEAg%3D%3D&position=5&pageNum=0&trk=public_jobs_jserp-result_search-card,"Catalist hiring Data Scientist in Washington, District of Columbia, United States | LinkedIn"
105,https://www.linkedin.com/jobs/view/junior-data-scientist-at-focuskpi-inc-3385020737?refId=lENCRJiYfmhbA%2FOAVbr%2Fsw%3D%3D&trackingId=%2B8cnpIxTYJSNBHF9%2B4VDLQ%3D%3D&position=6&pageNum=0&trk=public_jobs_jserp-result_search-card,"FocusKPI, Inc. hiring Junior Data Scientist in Boston, Massachusetts, United States | LinkedIn"
106,https://www.linkedin.com/jobs/view/data-scientist-full-time-at-bardess-group-ltd-3389875542?refId=lENCRJiYfmhbA%2FOAVbr%2Fsw%3D%3D&trackingId=zz8BG1LkQdkI0%2Fv8MsUatg%3D%3D&position=7&pageNum=0&trk=public_jobs_jserp-result_search-card,"Bardess Group Ltd hiring Data Scientist Full Time in New York, New York, United States | LinkedIn"
107,https://www.linkedin.com/jobs/view/data-scientist-at-pomeroy-3384652177?refId=lENCRJiYfmhbA%2FOAVbr%2Fsw%3D%3D&trackingId=IWKSt%2FXokvtPzKYjiuUDUA%3D%3D&position=8&pageNum=0&trk=public_jobs_jserp-result_search-card,"Pomeroy hiring Data Scientist in Marietta, Georgia, United States | LinkedIn"
108,https://www.linkedin.com/jobs/view/data-scientist-at-bicp-3378146719?refId=lENCRJiYfmhbA%2FOAVbr%2Fsw%3D%3D&trackingId=PTgPvr9AL2Q8B7bL7jJcyA%3D%3D&position=9&pageNum=0&trk=public_jobs_jserp-result_search-card,"BICP hiring Data Scientist in Beaverton, Oregon, United States | LinkedIn"
109,https://www.linkedin.com/jobs/view/2023-university-graduate-data-scientist-at-uber-3379618648?refId=lENCRJiYfmhbA%2FOAVbr%2Fsw%3D%3D&trackingId=5DZYW8KPbAqdH1hHo7p9uQ%3D%3D&position=10&pageNum=0&trk=public_jobs_jserp-result_search-card,"Uber hiring 2023 University Graduate - Data Scientist in San Francisco, California, United States | LinkedIn"
110,https://www.linkedin.com/jobs/view/junior-data-scientist-at-clearml-3393620410?refId=lENCRJiYfmhbA%2FOAVbr%2Fsw%3D%3D&trackingId=lDNlTVfhXJbi57hFyNH%2BLw%3D%3D&position=11&pageNum=0&trk=public_jobs_jserp-result_search-card,ClearML hiring Junior Data Scientist in United States | LinkedIn
111,https://www.linkedin.com/jobs/view/bio-data-scientist-at-x4-technology-3374644533?refId=lENCRJiYfmhbA%2FOAVbr%2Fsw%3D%3D&trackingId=9%2BYNNvv9314COX4B9DDlVA%3D%3D&position=12&pageNum=0&trk=public_jobs_jserp-result_search-card,"X4 Technology hiring Bio Data Scientist in Boston, Massachusetts, United States | LinkedIn"
112,https://www.linkedin.com/jobs/view/data-scientist-global-decision-science-at-american-express-3380070410?refId=lENCRJiYfmhbA%2FOAVbr%2Fsw%3D%3D&trackingId=XFPtrQgeQeznllGa%2BNPmbQ%3D%3D&position=13&pageNum=0&trk=public_jobs_jserp-result_search-card,"American Express hiring Data Scientist - Global Decision Science in New York, New York, United States | LinkedIn"
113,https://www.linkedin.com/jobs/view/data-scientist-at-cinemark-3382811471?refId=lENCRJiYfmhbA%2FOAVbr%2Fsw%3D%3D&trackingId=SSfz3m32skxWVgJqbKq6fg%3D%3D&position=14&pageNum=0&trk=public_jobs_jserp-result_search-card,"Cinemark hiring Data Scientist in Plano, Texas, United States | LinkedIn"
114,https://www.linkedin.com/jobs/view/data-scientist-at-grammarly-3384155765?refId=lENCRJiYfmhbA%2FOAVbr%2Fsw%3D%3D&trackingId=IXPm%2F68CiWvrf3L8l6wDig%3D%3D&position=15&pageNum=0&trk=public_jobs_jserp-result_search-card,"Grammarly hiring Data Scientist in New York, United States | LinkedIn"
115,https://www.linkedin.com/jobs/view/data-scientist-at-lockheed-martin-3376703689?refId=lENCRJiYfmhbA%2FOAVbr%2Fsw%3D%3D&trackingId=3%2B0GfzEl%2FIPAWbBVx8UC4A%3D%3D&position=16&pageNum=0&trk=public_jobs_jserp-result_search-card,"Lockheed Martin hiring Data Scientist in New Mexico, United States | LinkedIn"
116,https://www.linkedin.com/jobs/view/data-scientist-at-uber-3380128037?refId=lENCRJiYfmhbA%2FOAVbr%2Fsw%3D%3D&trackingId=8hKcWIuKWloOeIDvU4Fj4w%3D%3D&position=17&pageNum=0&trk=public_jobs_jserp-result_search-card,"Uber hiring Data Scientist in San Francisco, California, United States | LinkedIn"
117,https://www.linkedin.com/jobs/view/data-scientist-at-atrium-3390226105?refId=lENCRJiYfmhbA%2FOAVbr%2Fsw%3D%3D&trackingId=vcp1RD3yvzVkodTJ%2FZFY9w%3D%3D&position=18&pageNum=0&trk=public_jobs_jserp-result_search-card,Atrium hiring Data Scientist in United States | LinkedIn
118,https://www.linkedin.com/jobs/view/data-scientist-at-uber-3380716832?refId=lENCRJiYfmhbA%2FOAVbr%2Fsw%3D%3D&trackingId=mnWNrsWlpZd1wHFbu7XGkg%3D%3D&position=19&pageNum=0&trk=public_jobs_jserp-result_search-card,"Uber hiring Data Scientist in Sunnyvale, California, United States | LinkedIn"
119,https://www.linkedin.com/jobs/view/data-scientist-at-grammarly-3384157495?refId=lENCRJiYfmhbA%2FOAVbr%2Fsw%3D%3D&trackingId=Q%2FNDiUI72pioFx3WfOsIvA%3D%3D&position=20&pageNum=0&trk=public_jobs_jserp-result_search-card,"Grammarly hiring Data Scientist in New Jersey, United States | LinkedIn"
120,https://www.linkedin.com/jobs/view/data-scientist-engineer-at-life-science-people-3366302011?refId=lENCRJiYfmhbA%2FOAVbr%2Fsw%3D%3D&trackingId=8qsV827GUOPaRz3%2FzrU01w%3D%3D&position=21&pageNum=0&trk=public_jobs_jserp-result_search-card,Life Science People hiring Data Scientist/ Engineer in United States | LinkedIn
121,https://www.linkedin.com/jobs/view/data-scientist-at-hackajob-3389814866?refId=lENCRJiYfmhbA%2FOAVbr%2Fsw%3D%3D&trackingId=pYasFGWIX%2F9yu2cQNnF%2Fnw%3D%3D&position=22&pageNum=0&trk=public_jobs_jserp-result_search-card,hackajob hiring Data Scientist in New York City Metropolitan Area | LinkedIn
122,https://www.linkedin.com/jobs/view/data-scientist-at-brillio-3374529660?refId=lENCRJiYfmhbA%2FOAVbr%2Fsw%3D%3D&trackingId=tbddtICKF77FEeBnpw1v6A%3D%3D&position=23&pageNum=0&trk=public_jobs_jserp-result_search-card,"Brillio hiring Data Scientist in Tampa, Florida, United States | LinkedIn"
123,https://www.linkedin.com/jobs/view/data-scientist-remote-no-c2c-at-novus-professional-services-inc-3383349376?refId=lENCRJiYfmhbA%2FOAVbr%2Fsw%3D%3D&trackingId=Bn%2BL8%2Fnazlnna%2BsS85axlQ%3D%3D&position=24&pageNum=0&trk=public_jobs_jserp-result_search-card,"NOVUS Professional Services, Inc. hiring Data Scientist - Remote (No C2C) in Greenwood Village, Colorado, United States | LinkedIn"
124,https://www.linkedin.com/jobs/view/data-scientist-public-sector-at-clarifai-3382852290?refId=lENCRJiYfmhbA%2FOAVbr%2Fsw%3D%3D&trackingId=IByECainkPdVlsOouUiCEQ%3D%3D&position=25&pageNum=0&trk=public_jobs_jserp-result_search-card,"Clarifai hiring Data Scientist - Public Sector in Washington, District of Columbia, United States | LinkedIn"
